country,capital,capital:de,capital:es,capital:fr,capital:nb,capital:cs
England,London,London,Londres,Londres,London,Londýn
Scotland,Edinburgh,Edinburgh,Edimburgo,Édimbourg,Edinburgh,Edinburgh
United Kingdom,London,London,Londres,Londres,London,Londýn
Northern Ireland,Belfast,Belfast,Belfast,Belfast,Belfast,Belfast
France,Paris,Paris,París,Paris,Paris,Paříž
Wales,Cardiff,Cardiff,Cardiff,Cardiff,Cardiff,Cardiff
Georgia,Tbilisi,Tiflis,Tiflis,Tbilissi,Tbilisi,Tbilisi
Germany,Berlin,Berlin,Berlín,Berlin,Berlin,Berlín
Greece,Athens,Athen,Atenas,Athènes,Aten,Athény
Greenland,Nuuk,Nuuk,Nuuk,Nuuk,Nuuk,Nuuk
Hungary,Budapest,Budapest,Budapest,Budapest,Budapest,Budapešť
Albania,Tirana,Tirana,Tirana,Tirana,Tirana,Tirana
Andorra,Andorra la Vella,Andorra la Vella,Andorra la Vieja,Andorre-la-Vieille,Andorra la Vella,Andorra la Vella
Austria,Vienna,Wien,Viena,Vienne,Wien,Vídeň
Azerbaijan,Baku,Baku,Bakú,Bakou,Baku,Baku
Belarus,Minsk,Minsk,Minsk,Minsk,Minsk,Minsk
Belgium,Brussels,Brüssel,Bruselas,Bruxelles,Brussel,Brusel
Bosnia and Herzegovina,Sarajevo,Sarajevo,Sarajevo,Sarajevo,Sarajevo,Sarajevo
Bulgaria,Sofia,Sofia,Sofía,Sofia,Sofia,Sofie
Croatia,Zagreb,Zagreb,Zagreb,Zagreb,Zagreb,Záhřeb
Czech Republic,Prague,Prag,Praga,Prague,Praha,Praha
Denmark,Copenhagen,Kopenhagen,Copenhague,Copenhague,København,Kodaň
Estonia,Tallinn,Tallinn,Tallin,Tallinn,Tallinn,Tallinn
Faroe Islands,Tórshavn,Tórshavn,Tórshavn,Tórshavn,Tórshavn,Tórshavn
Finland,Helsinki,Helsinki,Helsinki,Helsinki,Helsingfors (Helsinki),Helsinky
Iceland,Reykjavík,Reykjavík,Reikiavik,Reykjavik,Reykjavík,Reykjavík
Ireland,Dublin,Dublin,Dublín,Dublin,Dublin,Dublin
Italy,Rome,Rom,Roma,Rome,Roma,Řím
Latvia,Riga,Riga,Riga,Riga,Riga,Riga
Liechtenstein,Vaduz,Vaduz,Vaduz,Vaduz,Vaduz,Vaduz
Lithuania,Vilnius,Vilnius,Vilna,Vilnius,Vilnius,Vilnius
Luxembourg,Luxembourg City,Luxemburg,Luxemburgo,Luxembourg,Luxembourg,Lucemburk
North Macedonia,Skopje,Skopje,Skopie,Skopje,Skopje,Skopje
Malta,Valletta,Valletta,La Valeta,La Valette,Valletta,Valletta
Moldova,Chișinău,Chișinău,Chisináu,Chișinău,Chisinau,Kišiněv
Monaco,Monaco,Monaco,Mónaco,Monaco,Monaco,Monaco-Ville
Montenegro,Podgorica,Podgorica,"Podgorica, Cetiña",Podgorica,Podgorica,Podgorica
Netherlands,Amsterdam,Amsterdam,Ámsterdam,Amsterdam,Amsterdam,Amsterdam
Norway,Oslo,Oslo,Oslo,Oslo,Oslo,Oslo
Poland,Warsaw,Warschau,Varsovia,Varsovie,Warszawa,Varšava
Portugal,Lisbon,Lissabon,Lisboa,Lisbonne,Lisboa,Lisabon
Romania,Bucharest,Bukarest,Bucarest,Bucarest,Bucuresti,Bukurešť
Russia,Moscow,Moskau,Moscú,Moscou,Moskva,Moskva
San Marino,City of San Marino,Stadt San Marino,San Marino,Ville de Saint-Marin,San Marino by,San Marino (město)
Serbia,Belgrade,Belgrad,Belgrado,Belgrade,Beograd,Bělehrad
Slovakia,Bratislava,Bratislava,Bratislava,Bratislava,Bratislava,Bratislava
Slovenia,Ljubljana,Ljubljana,Liubliana,Ljubljana,Ljubljana,Lublaň
Spain,Madrid,Madrid,Madrid,Madrid,Madrid,Madrid
Sweden,Stockholm,Stockholm,Estocolmo,Stockholm,Stockholm,Stockholm
Switzerland,Bern,Bern,Berna,Berne,Bern,Bern
Turkey,Ankara,Ankara,Ankara,Ankara,Ankara,Ankara
Ukraine,Kyiv,Kiew,Kiev,Kiev,Kiev,Kyjev
Vatican City,Vatican City,Vatikanstadt,Ciudad del Vaticano,Vatican,Vatikanstaten,Vatikán
Armenia,Yerevan,Jerewan,Ereván,Erevan,Jerevan,Jerevan
Cyprus,Nicosia,Nikosia,Nicosia,Nicosie,Nikosia,Nikósie
Kazakhstan,Nur-Sultan,Nur-Sultan,Nur-sultán,Noursoultan,Astana,Nur-Sultan
Egypt,Cairo,Kairo,El Cairo,Le Caire,Kairo,Káhira
Algeria,Algiers,Algier,Argel,Alger,Alger,Alžír
Angola,Luanda,Luanda,Luanda,Luanda,Luanda,Luanda
Benin,Porto-Novo,Porto-Novo,Porto Novo,Porto-Novo,Porto-Novo,Porto Novo
Botswana,Gaborone,Gaborone,Gaborone,Gaborone,Gaborone,Gaborone
Burkina Faso,Ouagadougou,Ouagadougou (Wagadugu),Uagadugú,Ouagadougou,Ouagadougou,Ouagadougou
Cameroon,Yaoundé,Yaoundé,Yaundé,Yaoundé,Yaoundé,Yaoundé
Burundi,Gitega,Gitega,Gitega,Gitega,Gitega,Gitega
Cape Verde,Praia,Praia,Praia,Praia,Praia,Praia
São Tomé and Príncipe,São Tomé,São Tomé,Santo Tomé,São Tomé,São Tomé,São Tomé
Central African Republic,Bangui,Bangui,Bangui,Bangui,Bangui,Bangui
Chad,N'Djamena,N’Djamena,Yamena,N'Djaména,Ndjamena,N'Djamena
Equatorial Guinea,Malabo,Malabo,Malabo,Malabo,Malabo,Malabo
Kenya,Nairobi,Nairobi,Nairobi,Nairobi,Nairobi,Nairobi
Comoros,Moroni,Moroni,Moroni,Moroni,Moroni,Moroni
Ivory Coast,Yamoussoukro,Yamoussoukro,Yamusukro,Yamoussoukro,Yamoussoukro,Yamoussoukro
Democratic Republic of the Congo,Kinshasa,Kinshasa,Kinsasa,Kinshasa,Kinshasa,Kinshasa
Djibouti,Djibouti,Dschibuti,Yibuti,Djibouti,Djibouti,Džibuti
Guinea-Bissau,Bissau,Bissau,Bisáu,Bissau,Bissau,Bissau
Eritrea,Asmara,Asmara,Asmara,Asmara,Asmara,Asmara
Ethiopia,Addis Ababa,Addis Abeba,Adís Abeba,Addis-Abeba,Addis Abeba,Addis Abeba
Gabon,Libreville,Libreville,Libreville,Libreville,Libreville,Libreville
The Gambia,Banjul,Banjul,Banjul,Banjul,Banjul,Banjul
Lesotho,Maseru,Maseru,Maseru,Maseru,Maseru,Maseru
Liberia,Monrovia,Monrovia,Monrovia,Monrovia,Monrovia,Monrovia
Madagascar,Antananarivo,Antananarivo,Antananarivo,Antananarivo,Antananarivo,Antananarivo
Malawi,Lilongwe,Lilongwe,Lilongüe,Lilongwe,Lilongwe,Lilongwe
Mali,Bamako,Bamako,Bamako,Bamako,Bamako,Bamako
Mauritania,Nouakchott,Nouakchott,Nuakchot,Nouakchott,Nouakchott,Nuakšott
Mauritius,Port Louis,Port Louis,Port Louis,Port-Louis,Port Louis,Port Louis (Mauricius)
Morocco,Rabat,Rabat,Rabat,Rabat,Rabat,Rabat
Mozambique,Maputo,Maputo,Maputo,Maputo,Maputo,Maputo
Namibia,Windhoek,Windhoek,Windhoek,Windhoek,Windhoek,Windhoek
Niger,Niamey,Niamey,Niamey,Niamey,Niamey,Niamey
Nigeria,Abuja,Abuja,Abuya,Abuja,Abuja,Abuja
Republic of the Congo,Brazzaville,Brazzaville,Brazzaville,Brazzaville,Brazzaville,Brazzaville
Rwanda,Kigali,Kigali,Kigali,Kigali,Kigali,Kigali
Senegal,Dakar,Dakar,Dakar,Dakar,Dakar,Dakar
Seychelles,Victoria,Victoria,Victoria,Victoria,Victoria,Victoria (Seychely)
Sierra Leone,Freetown,Freetown,Freetown,Freetown,Freetown,Freetown
South Africa,"Pretoria, Cape Town, Bloemfontein","Pretoria, Kapstadt, Bloemfontein","Pretoria, Ciudad del Cabo, Bloemfontein","Pretoria, Le Cap, Bloemfontein","Pretoria, Cape Town, Bloemfontein","Pretorie, Kapské Město, Bloemfontein"
Sudan,Khartoum,Khartum,Jartum,Khartoum,Khartoum,Chartúm
Eswatini,Mbabane,Mbabane,Mbabane,Mbabane,Mbabane,Mbabane
Tanzania,Dodoma,Dodoma,Dodoma,Dodoma,Dodoma,Dodoma
Togo,Lomé,Lomé,Lomé,Lomé,Lomé,Lomé
Tunisia,Tunis,Tunis,Túnez,Tunis,Tunis,Tunis
Uganda,Kampala,Kampala,Kampala,Kampala,Kampala,Kampala
Sahrawi Arab Democratic Republic,Laayoune,El Aaiún,El Aaiún,Laâyoune,El Aaiún,Al-´ Ajún
Zambia,Lusaka,Lusaka,Lusaka,Lusaka,Lusaka,Lusaka
Zimbabwe,Harare,Harare,Harare,Harare,Harare,Harare
Afghanistan,Kabul,Kabul,Kabul,Kaboul,Kabul,Kábul
Bahrain,Manama,Manama,Manama,Manama,Manama,Manáma
Bangladesh,Dhaka,Dhaka,Daca,Dacca,Dhaka,Dháka
Bhutan,Thimphu,Thimphu,Timbu,Thimphou,Thimpu,Thimbú
Brunei,Bandar Seri Begawan,Bandar Seri Begawan,Bandar Seri Begawan,Bandar Seri Begawan,Bandar Seri Begawan,Bandar Seri Begawan
China,Beijing,Peking,Pekín,Pékin,Beijing,Peking
Cambodia,Phnom Penh,Phnom Penh,Nom Pen,Phnom Penh,Phnom Penh,Phnompenh
Indonesia,Jakarta,Jakarta,Yakarta,Jakarta,Jakarta,Jakarta
India,New Delhi,Neu-Delhi,Nueva Delhi,New Delhi,New Delhi,Nové Dillí
Iran,Tehran,Teheran,Teherán,Téhéran,Teheran,Teherán
Israel,Jerusalem,Jerusalem,Jerusalén,Jérusalem,Jerusalem,Jeruzalém
Iraq,Baghdad,Bagdad,Bagdad,Bagdad,Bagdad,Bagdád
South Korea,Seoul,Seoul,Seúl,Séoul,Seoul,Soul
North Korea,Pyongyang,Pjöngjang,Pionyang,Pyongyang,Pyongyang,Pchjongjang
Jordan,Amman,Amman,Amán,Amman,Amman,Ammán
Japan,Tokyo,Tokio,Tokio,Tokyo,Tokyo,Tokio
Lebanon,Beirut,Beirut,Beirut,Beyrouth,Beirut,Bejrút
Laos,Vientiane,Vientiane,Vientián,Vientiane,Vientiane,Vientiane
Kyrgyzstan,Bishkek,Bischkek,Biskek,Bichkek,Bisjkek,Biškek
Kuwait,Kuwait City,Kuwait-Stadt,Kuwait,Koweït,Kuwait by,Kuvajt (město)
Myanmar,Naypyidaw,Naypyidaw,Naipyidó,Naypyidaw,Naypyidaw,Neipyijto
Mongolia,Ulaanbaatar,Ulaanbaatar,Ulán Bator,Oulan-Bator,Ulaanbaatar,Ulánbátar
Maldives,Malé,Malé,Malé,Malé,Malé,Male
Malaysia,Kuala Lumpur,Kuala Lumpur,Kuala Lumpur,Kuala Lumpur,Kuala Lumpur,Kuala Lumpur
Oman,Muscat,Maskat,Mascate,Mascate,Muscat,Maskat
Nepal,Kathmandu,Kathmandu,Katmandú,Katmandou,Katmandu,Káthmándú
Palestine,Ramallah,Ramallah,Ramala,Ramallah,Ramallah,Ramalláh
Pakistan,Islamabad,Islamabad,Islamabad,Islamabad,Islamabad,Islámábád
Qatar,Doha,Doha,Doha,Doha,Doha,Dauhá
Saudi Arabia,Riyadh,Riad,Riad,Riyad,Riyadh,Rijád
Singapore,Singapore,Singapur,Singapur,Singapour,Singapore,Singapur
Syria,Damascus,Damaskus,Damasco,Damas,Damaskus,Damašek
Taiwan,Taipei,Taipeh,Taipéi,Taipei,Taipei,Tchaj-pej
Sri Lanka,Sri Jayawardenepura Kotte,Sri Jayewardenepura Kotte,Sri Jayawardenapura Kotte,Sri Jayawardenapura Kotte,Colombo,Šrí Džajavardanapura Kotte
Tajikistan,Dushanbe,Duschanbe,Dusambé,Douchanbé,Dusjanbe,Dušanbe
Thailand,Bangkok,Bangkok,Bangkok,Bangkok,Bangkok,Bangkok
East Timor,Dili,Dili,Dili,Dili,Dili,Dili
United Arab Emirates,Abu Dhabi,Abu Dhabi,Abu Dabi,Abou Dabi,Abu Dhabi,Abú Zabí
Turkmenistan,Ashgabat,Aşgabat,Asjabad,Achgabat,Asjkhabad,Ašchabad
Yemen,Sana'a,Sanaa,Saná,Sanaa,Sana,San'á
Vietnam,Hanoi,Hanoi,Hanói,Hanoï,Hanoi,Hanoj
Uzbekistan,Tashkent,Taschkent,Taskent,Tachkent,Tasjkent,Taškent
Fiji,Suva,Suva,Suva,Suva,Suva,Suva
Papua New Guinea,Port Moresby,Port Moresby,Puerto Moresby,Port Moresby,Port Moresby,Port Moresby
Australia,Canberra,Canberra,Canberra,Canberra,Canberra,Canberra
Solomon Islands,Honiara,Honiara,Honiara,Honiara,Honiara,Honiara
Argentina,Buenos Aires,Buenos Aires,Buenos Aires,Buenos Aires,Buenos Aires,Buenos Aires
Bolivia,Sucre,Sucre,Sucre,Sucre,Sucre,Sucre
Brazil,Brasília,Brasília,Brasilia,Brasilia,Brasilia,Brasília
Chile,Santiago,Santiago de Chile,Santiago de Chile,Santiago,Santiago (de Chile),Santiago de Chile
Colombia,Bogotá,Bogotá,Bogotá,Bogota,(Santa Fe de) Bogotá,Bogotá
Ecuador,Quito,Quito,Quito,Quito,Quito,Quito
Guyana,Georgetown,Georgetown,Georgetown,Georgetown,Georgetown,Georgetown
Paraguay,Asunción,Asunción,Asunción,Asuncion,Asunción,Asunción
Peru,Lima,Lima,Lima,Lima,Lima,Lima
Suriname,Paramaribo,Paramaribo,Paramaribo,Paramaribo,Paramaribo,Paramaribo
Uruguay,Montevideo,Montevideo,Montevideo,Montevideo,Montevideo,Montevideo
Venezuela,Caracas,Caracas,Caracas,Caracas,Caracas,Caracas
Cook Islands,Avarua,Avarua,Avarua,Avarua,Avarua,Avarua
Federated States of Micronesia,Palikir,Palikir,Palikir,Palikir,Palikir,Palikir
Guam,Hagåtña,Hagåtña,Agaña,Hagåtña,Hagåtña,Hagåtña
Vanuatu,Port Vila,Port Vila,Port Vila,Port-Vila,Vila,Port Vila
Canada,Ottawa,Ottawa,Ottawa,Ottawa,Ottawa,Ottawa
United States of America,"Washington, D.C.","Washington, D.C.",Washington D. C.,Washington,"Washington, D.C.","Washington, D.C."
Mexico,Mexico City,Mexiko-Stadt,Ciudad de México,Mexico,Mexico by,Ciudad de México
Puerto Rico,San Juan,San Juan,San Juan,San Juan,San Juan,San Juan
Cuba,Havana,Havanna,La Habana,La Havane,Havanna,Havana
Dominican Republic,Santo Domingo,Santo Domingo,Santo Domingo,Saint-Domingue,Santo Domingo,Santo Domingo
Haiti,Port-au-Prince,Port-au-Prince,Puerto Príncipe,Port-au-Prince,Port-au-Prince,Port-au-Prince
Jamaica,Kingston,Kingston,Kingston,Kingston,Kingston,Kingston
Trinidad and Tobago,Port of Spain,Port of Spain,Puerto España,Port-d'Espagne,Port of Spain,Port of Spain
The Bahamas,Nassau,Nassau,Nasáu,Nassau,Nassau,Nassau
Barbados,Bridgetown,Bridgetown,Bridgetown,Bridgetown,Bridgetown,Bridgetown
Belize,Belmopan,Belmopan,Belmopán,Belmopan,Belmopan,Belmopan
Costa Rica,San José,San José,San José,San José,San José,San José
El Salvador,San Salvador,San Salvador,San Salvador,San Salvador,San Salvador,San Salvador
Guatemala,Guatemala City,Guatemala-Stadt,Ciudad de Guatemala,Guatemala,Guatemala by,Ciudad de Guatemala
Honduras,Tegucigalpa,Tegucigalpa,Tegucigalpa,Tegucigalpa,Tegucigalpa,Tegucigalpa
Nicaragua,Managua,Managua,Managua,Managua,Managua,Managua
Panama,Panama City,Panama-Stadt,Ciudad de Panamá,Panama,Panama by,Panamá
Antigua and Barbuda,St. John's,Saint John’s,Saint John,Saint John's,Saint John’s,Saint John's
Dominica,Roseau,Roseau,Roseau,Roseau,Roseau,Roseau
Saint Vincent and the Grenadines,Kingstown,Kingstown,Kingstown,Kingstown,Kingstown,Kingstown
Somalia,Mogadishu,Mogadischu,Mogadiscio,Mogadiscio,Mogadishu,Mogadišo
Ghana,Accra,Accra,Acra,Accra,Accra,Accra
Guinea,Conakry,Conakry,Conakri,Conakry,Conakry,Conakry
New Zealand,Wellington,Wellington,Wellington,Wellington,Wellington,Wellington
French Polynesia,Papeete,Papeete,Papeete,Papeete,Papeete,Papeete
Philippines,Manila,Manila,Manila,Manille,Manila,Manila
Kosovo,Pristina,Pristina,Pristina,Pristina,Pristina,Priština
Libya,Tripoli,Tripolis,Trípoli,Tripoli,Tripoli,Tripolis
Palau,Ngerulmud,Ngerulmud,Ngerulmud,Melekeok,Ngerulmud,Ngerulmud
Saint Lucia,Castries,Castries,Castries,Castries,Castries,Castries
Grenada,St. George's,St. George's,Saint George,Saint-Georges,St. George's,Saint George's
Curaçao,Willemstad,Willemstad,Willemstad,Willemstad,Willemstad,Willemstad
Kiribati,Tarawa,Tarawa,Tarawa,Tarawa,Bairiki (på Tarawa øy),Tarawa
Marshall Islands,Majuro,Majuro,Majuro,Majuro,Majuro,Majuro
Nauru,Yaren,Yaren,Yaren,Yaren,Yaren,Yaren
New Caledonia,Nouméa,Nouméa,Numea,Nouméa,Nouméa,Nouméa
Niue,Alofi,Alofi,Alofi,Alofi,Alofi,Alofi
Northern Cyprus,North Nicosia,Nord-Nikosia,Nicosia del Norte,Nicosie-Nord,Nord-Nikosia,Severní Nikósie
Saint Kitts and Nevis,Basseterre,Basseterre,Basseterre,Basseterre,Basseterre,Basseterre
Samoa,Apia,Apia,Apia,Apia,Apia,Apia
Somaliland,Hargeisa,Hargeysa,Hargeisa,Hargeisa,Hargeisa,Hargeysa
South Sudan,Juba,Juba,Yuba,Djouba,Juba,Džuba (město)
Tuvalu,Funafuti,Funafuti,Funafuti,Funafuti,Vaiaku/Funafuti,Funafuti
United States Virgin Islands,Charlotte Amalie,Charlotte Amalie,Charlotte Amalie,Charlotte-Amélie,Charlotte Amalie,Charlotte Amalie
Åland Islands,Mariehamn,Mariehamn,Mariehamn,Mariehamn,Mariehamn,Mariehamn
South Ossetia,Tskhinvali,Zchinwali,Tsjinval,Tskhinvali,Tskhinvali,Cchinvali
Aruba,Oranjestad,Oranjestad,Oranjestad,Oranjestad,Oranjestad,Oranjestad
Abkhazia,Sukhumi,Sochumi,Sujumi,Soukhoumi,Sukhumi,Suchumi
Republic of Artsakh,Stepanakert,Stepanakert,Stepanakert,Stepanakert,Stepanakert,Štěpanakert
Tonga,Nukuʻalofa,Nukuʻalofa,Nukualofa,Nukuʻalofa,Nukualofa,Nukuʻalofa
Transnistria,Tiraspol,Tiraspol,Tiráspol,Tiraspol,Tiraspol,Tiraspol
European Union,Brussels,Brüssel,Bruselas,Bruxelles,"Brussel, Strasbourg, Luxembourg",Brusel
